disease_id,name_vi,name_en,chapter,main_topic_url,related_topics_count,related_topics_titles
benh_choc,Bệnh chốc,Impetigo,Bệnh da nhiễm khuẩn,https://dermnetnz.org/topics/impetigo,2,Deep impetigo images | Impetigo pathology
nhot,Nhọt,Furuncle,Bệnh da nhiễm khuẩn,,0,
viem_nang_long_pdf,Viêm nang lông,Folliculitis,Bệnh da nhiễm khuẩn,https://dermnetnz.org/topics/folliculitis,22,Acne agminata | Acne cheloidalis nuchae | Bacterial folliculitis | Barber’s itch | Dissecting cellulitus of the scalp | Disseminate and recurrent infundibulofolliculitis | Eosinophilic folliculitis pathology | Eosinophilic pustular folliculitis | Eosinophilic pustular folliculitis of infancy | Folliculitis barbae | Folliculitis decalvans | Folliculitis images | Folliculitis keloidalis nuchae pathology | Gram-negative folliculitis | Hot tub dermatitis | Malassezia folliculitis | Malassezia folliculitis pathology | Necrotising infundibular crystalline folliculitis pathology | Perforating folliculitis pathology | Scalp folliculitis | Scalp folliculitis images | Spa pool folliculitis images
hoi_chung_bong_vay_da_do_tu_cau,Hội chứng bong vảy da do tụ cầu,Staphylococcal Scalded Skin Syndrome,Bệnh da nhiễm khuẩn,https://dermnetnz.org/topics/staphylococcal-scalded-skin-syndrome,3,Bacterial cellulitis | Recurring cold staphylococcal abscesses | Staphylococcal skin infection
mun_trung_ca_pdf,Trứng cá,Acne,Bệnh da nhiễm khuẩn,https://dermnetnz.org/topics/acne,40,"Acne affecting the face images | Acne agminata | Acne and other follicular disorders | Acne cheloidalis nuchae | Acne due to a medicine | Acne erythematosa | Acne excorie | Acne fulminans | Acne in children | Acne in pregnancy | Acne inversa | Acne mimics: what else could it be? | Acne naevus | Acne neonatorum | Acne scarring | Acne scars and how to get rid of them | Acne treatment | Acne urticata | Acne vulgaris | Acneiform drug eruptions | Adult acne | Antibiotics for acne | Bacteria in acne | Blue light acne treatment | Chloracne | Comedonal acne | Cystic acne | Familial recurrent arthritis | How to get rid of acne | How to get rid of back acne | Infantile acne images | Inflammatory lesions in acne | Investigations in acne | Lasers, lights, and acne | Psychological effects of acne | SAPHO syndrome | Steroid acne | Steroid acne images | Topical acne treatments | What causes acne?"
lao_da,Bệnh lao da,Cutaneous tuberculosis,Bệnh da nhiễm khuẩn,https://dermnetnz.org/topics/cutaneous-tuberculosis,137,Acquired chronic mucocutaneous candidiasis | Acrochordon | Acrodermatitis chronica atrophicans | Actinophytosis | Actinophytosis pathology | Acute febrile mucocutaneous lymph node syndrome | Acute mercury poisoning from fish | Adenoid cystic eccrine carcinoma of skin | Adverse cutaneous reaction to drug | Adverse cutaneous reactions to drugs | Adverse cutaneous reactions to psychotropic drugs | Adverse cutaneous reactions to vaccines | AL amyloidosis | Alcohol use and skin diseases | Angiomatosis oculo-orbital-thalamo-encephalic syndrome | Angiosarcoma | Antibiotic-induced rashes | Antiepileptic medicines | Bacterial cellulitis | Bairnsdale ulcer | Benign cutaneous lymphoid hyperplasia | Benign lymphogranulomatosis of Schaumann | Benign lymphoplasmacytic plaque | Bernhardt Rot syndrome | Busse Buschke disease | Calcinosis cutis | Calcinosis cutis pathology | Cancer metastasis to skin | Candidiasis pathology | Capillary vascular malformation | Cellular histiocytoma of skin pathology | Chronic cutaneous lupus erythematosus | Chronic infantile neurological | Cornu cutaneum | Cornu cutaneum images | Creeping eruption pathology | Crohn disease of anogenital skin | Crohn disease of skin | Crosti lymphoma | CTCL images | CTCL pathology | Cutaneous abscess | Cutaneous adverse effects of antimelanoma therapies | Cutaneous adverse effects of checkpoint inhibitors | Cutaneous adverse effects of targeted anticancer therapies | Cutaneous adverse reactions to calcineurin inhibitors | Cutaneous amyloidosis | Cutaneous anatomy | Cutaneous B-cell lymphoma | Cutaneous bronchogenic cyst pathology | Cutaneous changes due to hepatotrophic viruses | Cutaneous collagenous vasculopathy | Cutaneous Crohn disease pathology | Cutaneous cysts and pseudocysts | Cutaneous diphtheria | Cutaneous dysaesthesia | Cutaneous effects of drugs of abuse | Cutaneous endometriosis | Cutaneous face mask and respirator reactions | Cutaneous fibrous histiocytoma | Cutaneous hepatic porphyria | Cutaneous larva migrans | Cutaneous livedo with nodules | Cutaneous lupus erythematosus | Cutaneous lupus erythematosus images | Cutaneous lymphadenoma disease pathology | Cutaneous lymphoid hyperplasia | Cutaneous manifestations of inflammatory bowel disease | Cutaneous marginal zone lymphoma | Cutaneous markers of internal malignancy | Cutaneous melanoma | Cutaneous meningospinal angiomatosis | Cutaneous microbiome | Cutaneous monosymptomatic delusional psychosis | Cutaneous mosaicism | Cutaneous mucinoses | Cutaneous myeloid sarcoma | Cutaneous myiasis | Cutaneous neurofibroma pathology | Cutaneous optical coherence tomography | Cutaneous plasmacytoma pathology | Cutaneous plasmacytosis | Cutaneous plasmacytosis pathology | Cutaneous SCC in Asians | Cutaneous SCC pathology | Cutaneous side effects of EGFR and protein kinase inhibitors | Cutaneous signs of trauma and death | Cutaneous small vessel vasculitis | Cutaneous small-medium pleomorphic T-cell lymphoma pathology | Cutaneous squamous cell carcinoma | Cutaneous squamous cell carcinoma dermoscopy | Cutaneous T-cell lymphoma | Cutaneous tuberculosis images | Cutaneous tuberculosis pathology | Cutaneous vasculitis | Cutaneous viral warts | Degos disease | Dermato osteopoikilosis | Diffuse cutaneous erysipeloid | Drug induced chronic cutaneous LE | EBV-positive mucocutaneous ulcer | Electron beam radiation for cutaneous lymphoma | Erythema multiforme images | Fat naevus | Fat naevus pathology | Florid cutaneous papillomatosis | Focal cutaneous mucinosis pathology | GA pathology | Hereditary leiomyomatosis and renal cell cancer syndrome | Hydroxycarbamide-induced skin ulcer | Indolent cutaneous CD8+ lymphoid proliferation pathology | Inflammation of subcutaneous fat | Intracutaneous test | Macular amyloidosis | Maculopapular cutaneous mastocytosis | Maculopapular cutaneous mastocytosis pathology | Neonatal subcutaneous fat necrosis | Neurocutaneous melanosis | Nodular lymphangitis | Paracoccidioidomycosis pathology | Phakomatosis pigmentovascularis | Plaque-like cutaneous mucinosis | Primary cutaneous amyloidosis pathology | Primary cutaneous anaplastic large-cell lymphoma | Primary cutaneous CD30 antigen positive large T-cell lymphoma | Primary cutaneous diffuse large B cell lymphoma pathology | Psychological effects of cutaneous lupus erythematosus | Reactive infectious mucocutaenous eruption | Recurrent cutaneous necrotising eosinophilic vasculitis | Sarcoidosis | Sarcoidosis pathology | SCAR | Subacute cutaneous lupus erythematosus | Subcutaneous fat necrosis of the newborn pathology | Subcutaneous incisional surgery | Subcutaneous panniculitis-like T-cell lymphoma pathology | Tuberculosis with hypersensitivity reaction
benh_phong,Bệnh phong,Leprosy,Bệnh da nhiễm khuẩn,https://dermnetnz.org/topics/leprosy,6,Amazonic pseudolepromatous blastomycosis | Benign lymphogranulomatosis of Schaumann | Lepra reactions | Leprosy pathology | Sarcoidosis | Sarcoidosis pathology
benh_ghe,Bệnh ghẻ,Scabies,Bệnh da do ký sinh trùng - côn trùng,https://dermnetnz.org/topics/scabies,5,Boeck scabies | Crusted scabies pathology | Institutional scabies | Scabies pathology | Trichoscopy of head lice
lang_ben_pdf,Lang ben,Pityriasis versicolor,Bệnh da do ký sinh trùng - côn trùng,https://dermnetnz.org/topics/pityriasis-versicolor,14,Acute pityriasis lichenoides pathology | Chronic pityriasis lichenoides | Cradle cap | Dandruff | Dermatoscopy of tinea versicolor | Dermatosis papulosa adultorum | Devergie disease | Keratomycosis nigricans | Pityriasis alba | Pityriasis amiantacea | Pityriasis circinata | Pityriasis circinata et maculata | Pityriasis rubra pilaris pathology | Pityriasis versicolor pathology
nam_da,Bệnh da do nấm sợi,Dermatophytosis,Bệnh da do ký sinh trùng - côn trùng,https://dermnetnz.org/topics/tinea,11,Athletes foot | Barbers itch | Body tinea | Candidal onychia | Corticosteroid-modified dermatophytosis | Dermatophytosis | Dermatophytosis of hand | Dermatophytosis of scalp | Genitocrural dermatophytosis | Suppurative dermatophytosis | Therapies for dermatophytosis
candida_da_niem_mac,Bệnh da và niêm mạc do Candida,Candidosis,Bệnh da do ký sinh trùng - côn trùng,https://dermnetnz.org/topics/candida,5,Acquired chronic mucocutaneous candidiasis | Candida infection of flexural skin | Candidal vulvovaginitis | Non-albicans candida infections | Oral Candida infection
nam_toc,Nấm tóc,Tinea capitis,Bệnh da do ký sinh trùng - côn trùng,https://dermnetnz.org/topics/tinea-capitis,34,Allergy sensitivity to fungi syndrome | Athletes foot | Barbers itch | Body tinea | Candidal onychia | Corticosteroid-modified dermatophytosis | Cradle cap | Dandruff | Dermatophytosis | Dermatophytosis | Dermatophytosis of hand | Dermatoscopy of tinea versicolor | Dissecting cellulitus of the scalp | Favus | Fungal infection of nail pathology | Genitocrural dermatophytosis | Head lice | Keratomycosis nigricans | Laboratory tests for fungal infection | Majocchi granuloma | Pityriasis amiantacea | Pityriasis versicolor | Pityriasis versicolor pathology | Ringworm of face | Suppurative dermatophytosis | Therapies for dermatophytosis | Tinea capitis pathology | Tinea caused by Trichophyton mentagrophytes | Tinea corporis images | Tinea corporis pathology | Tinea incognito pathology | Tinea nigra pathology | Tinea pedis images | Trichoscopy of head lice
nam_mong_pdf,Nấm móng,Onychomycosis,Bệnh da do ký sinh trùng - côn trùng,,2,Fungal infection of nail pathology | Mould infections of skin and nails
viem_da_tiep_xuc_con_trung,Viêm da tiếp xúc do côn trùng,Paederus dermatitis,Bệnh da do ký sinh trùng - côn trùng,https://dermnetnz.org/topics/paederus-dermatitis,150,"Acantholysis bullosa | ACD | ACD to blood sugar monitors | Acne cheloidalis nuchae | Acquired blaschkoid dermatitis | Acrodermatitis chronica atrophicans | Acrodermatitis continua of Hallopeau | Acrodermatitis enteropathica | Acrodermatitis enteropathica-like conditions | Acrodermatitis of childhood | Actinic reticuloid | Acute palmoplantar eczeama | ADD | Adeps lanae anhydrous allergy | Adverse cutaneous reaction to drug | Airborne contact dermatitis | Allergic contact blepharitis | Allergic contact dermatitis | Allergic contact dermatitis affecting the face images | Allergic contact dermatitis by hairdressing product | Allergic contact dermatitis due to topical bufexamac | Allergic contact dermatitis in children | Allergic contact dermatitis of the hands images | Allergic contact dermatitis of the limbs images | Allergic contact dermatitis of the trunk images | Allergic contact dermatitis on feet | Allergic contact dermatitis to benzisothiazolinone | Allergic contact dermatitis to essential oils | Allergic contact dermatitis to fragrance | Allergic contact dermatitis to gold | Allergic contact dermatitis to isocyanate | Allergic contact dermatitis to methylisothiazolinone | Allergic contact dermatitis to nickel | Allergic contact dermatitis to propylene glycol | Allergic contact dermatitis to seminal fluid | Allergic contact dermatitis to shellac | Allergic contact dermatitis to sodium metabisulfite | Allergic contact dermatitis to textile dyes | Allergic contact dermatitis to topical biocides | Allergy to dimethyl fumarate | Allergy to rubber accelerators | Annular lichenoid dermatitis of youth | Anogenital cellulitis of infancy/childhood | Arthrocutaneouveal granulomatosis | Assessment of atopic dermatitis | Asteraceae allergies | Atopic dermatitis | Atopic dermatitis of the hands | Atopic winter feet | Autoeczematisation | Autoimmune progesterone dermatitis | Axillary granular parakeratosis | Axillary granular parakeratosis images | Barrier function in atopic dermatitis | Benign mucosal pemphigoid | Benzalkonium chloride contact dermatitis | Bindi dermatitis | Biotin deficiency dermatitis | Bird mite dermatitis | Bovine pustular stomatitis | Bowel bypass syndrome | CACD | Capillaritis pathology | Causes of allergic dermatitis | Cement dermatitis | Cercarial dermatitis | Chondrodermatitis nodularis | Chondrodermatitis nodularis pathology | Chromoblastomycosis | Chronic radiodermatitis pathology | Chronic superficial dermatitis | Clothing dermatitis | Coeliac disease | Complications of atopic dermatitis | Compulsive hand washing | Computer mouse dermatitis | Contact allergy to lauryl glucoside | Contact dermatitis | Contact dermatitis of the eyelid images | Contact dermatitis to formaldehyde | Contact dermatitis to fragrance | Contact dermatitis to jewellery | Contact dermatitis to nitrile | Contact irritant dermatitis | Contact irritant dermatitis images | Cradle cap | DA | Dandruff | Dermatitis | Dermatitis exfoliativa | Dermatitis herpetiformis | Dermatitis herpetiformis of pregnancy | Dermatitis herpetiformis pathology | Dermatitis neglecta | Dermatosis papulosa adultorum | Dermoscopy of inflammatory conditions | Discoid dermatitis | Drug-induced exfoliative dermatitis | Drug-induced nummular dermatitis | Eczema due to housework | Eczema intertrigo | Eczema, dermatitis and allergies | Erythroderma | Erythroderma desquamativum | Erythroderma images | Erythrodermic psoriasis | Fibreglass dermatitis | Fingertip dermatitis | Flagellate dermatitis | Flagellate erythema | Forefoot dermatitis images | Gianotti-Crosti syndrome images | Granulomatous dermatitis | Gravitational eczema | Guidelines for the management of adult eczema | Guidelines for the outpatient management of childhood eczema | Halo dermatitis | Hand dermatitis | Hand dermatitis images | Hot tub dermatitis | Hyperkeratotic eczema of the palms | Incontinence dermatitis | Interstitial granulomatous dermatitis pathology | Irritant contact cheilitis due to lip-licking | Lichen simplex of the vulva | Lichenified dermatitis | Marine dermatitis | Napkin dermatitis | Neurodermatitis of the scrotum | Nipple dermatitis | Occupational dermatitis among construction workers | Onchocerciasis | Papular dermatitis of pregnancy | Periocular dermatitis | Perioral dermatitis in childhood | Periorificial dermatitis | Photo-irritant contact dermatitis | Phytodermatosis | Phytophotodermatitis | Pityriasiform seborrhoeic dermatitis | Pretibial pruritic papular dermatitis | Psoriasiform seborrheic dermatitis | Psychological effects of atopic dermatitis | Pyodermatitis vegetans | Radiation burn | SCORAD | Seaweed dermatitis | Shiitake flagellate dermatitis images | Systemic contact dermatitis | Therapies for atopic eczema"
zona_than_kinh,Bệnh zona,Herpes zoster,Bệnh da do vi rút,https://dermnetnz.org/topics/herpes-zoster,12,Alphaherpesvirinae | Becker melanosis | Chickenpox pathology | Chickenpox pathology | Dermatitis herpetiformis of pregnancy | Epstein-Barr virus | Genital herpes | Genital herpes images | Herpes varicella zoster | Herpes zoster images | Human herpesvirus 1 | Linear porokeratosis
hat_com,Bệnh hạt cơm,Warts,Bệnh da do vi rút,,6,Anogenital wart | Common warts pathology | Cutaneous viral warts | Papilloma | Plane warts pathology | Viral warts images
u_mem_lay,U mềm lây,Molluscum contagiosum,Bệnh da do vi rút,https://dermnetnz.org/topics/molluscum-contagiosum,10,Benign familial chronic pemphigus | Benign paroxysmal peritonitis | Bovine pustular stomatitis | Erythema contagiosum | Familial benign chronic pemphigus pathology | Familial cold autoinflammatory syndrome | LMDF pathology | Milia images | Miliaria | Molluscum contagiosum pathology
lupus_ban_do,Lupus ban đỏ,Lupus erythematosus,Bệnh da tự miễn,,17,Acne agminata | Anticardiolipin syndrome | Bullous systemic lupus erythematosus | Chilblain LE | Chronic cutaneous lupus erythematosus | Cutaneous lupus erythematosus | Cutaneous lupus erythematosus images | Discoid lupus erythematosus pathology | Drug induced chronic cutaneous LE | Erythema multiforme-like lupus erythematosus | LMDF pathology | Neonatal lupus | Nodular sarcoidosis | Psychological effects of cutaneous lupus erythematosus | SLE images | Subacute cutaneous lupus erythematosus | Systemic lupus erythematosus
viem_bi_co,Viêm bì cơ,Dermatomyositis,Bệnh da tự miễn,,5,Adult-onset dermatomyositis | Childhood type dermatomyositis | Dermatomyositis images | Dermatomyositis-like drug eruption | Dermoscopy of inflammatory conditions
pemphigus,Pemphigus,Pemphigus,Bệnh da tự miễn,,17,Amendola syndrome | Benign familial chronic pemphigus | Benign mucosal pemphigoid | BP pathology | Brunsting-Perry cicatricial pemphigoid | Brunsting-Perry cicatricial pemphigoid pathology | Dermatitis herpetiformis of pregnancy | Drug-induced pemphigus foliaceus | Familial benign chronic pemphigus pathology | IEN type IgA pemphigus | Paraneoplastic pemphigus | Paraneoplastic pemphigus pathology | Pemphigoid nodularis | Pemphigus foiiaceous pathology | Pemphigus foliaceous | Pemphigus vulgaris | Pemphigus vulgaris pathology
pemphigoid,Bọng nước dạng pemphigus,Bullous pemphigoid,Bệnh da tự miễn,,21,Benign familial chronic pemphigus | Benign mucosal pemphigoid | BP pathology | Brunsting-Perry cicatricial pemphigoid | Brunsting-Perry cicatricial pemphigoid pathology | Bullous acrokeratotic poikiloderma of Kindler and Weary | Bullous congenital ichthyosiform erythroderma | Bullous systemic lupus erythematosus | Dermatitis herpetiformis of pregnancy | Drug-induced pemphigus foliaceus | Familial benign chronic pemphigus pathology | Heparin-induced haemorrhagic bullous dermatosis | IEN type IgA pemphigus | Linear IgA bullous disease | Paraneoplastic pemphigus | Paraneoplastic pemphigus pathology | Pemphigoid nodularis | Pemphigus foiiaceous pathology | Pemphigus foliaceous | Pemphigus vulgaris | Pemphigus vulgaris pathology
benh_duhring,Viêm da dạng herpes Duhring-Brocq,Dermatitis herpetiformis,Bệnh da tự miễn,https://dermnetnz.org/topics/dermatitis-herpetiformis,164,"Acantholysis bullosa | ACD | ACD to blood sugar monitors | Acne cheloidalis nuchae | Acquired blaschkoid dermatitis | Acrodermatitis chronica atrophicans | Acrodermatitis continua of Hallopeau | Acrodermatitis enteropathica | Acrodermatitis enteropathica-like conditions | Acrodermatitis of childhood | Actinic reticuloid | Acute palmoplantar eczeama | ADD | Adeps lanae anhydrous allergy | Adverse cutaneous reaction to drug | Airborne contact dermatitis | Allergic contact blepharitis | Allergic contact dermatitis | Allergic contact dermatitis affecting the face images | Allergic contact dermatitis by hairdressing product | Allergic contact dermatitis due to topical bufexamac | Allergic contact dermatitis in children | Allergic contact dermatitis of the hands images | Allergic contact dermatitis of the limbs images | Allergic contact dermatitis of the trunk images | Allergic contact dermatitis on feet | Allergic contact dermatitis to benzisothiazolinone | Allergic contact dermatitis to essential oils | Allergic contact dermatitis to fragrance | Allergic contact dermatitis to gold | Allergic contact dermatitis to isocyanate | Allergic contact dermatitis to methylisothiazolinone | Allergic contact dermatitis to nickel | Allergic contact dermatitis to propylene glycol | Allergic contact dermatitis to seminal fluid | Allergic contact dermatitis to shellac | Allergic contact dermatitis to sodium metabisulfite | Allergic contact dermatitis to textile dyes | Allergic contact dermatitis to topical biocides | Allergy to dimethyl fumarate | Allergy to rubber accelerators | Annular lichenoid dermatitis of youth | Anogenital cellulitis of infancy/childhood | Arthrocutaneouveal granulomatosis | Assessment of atopic dermatitis | Asteraceae allergies | Atopic dermatitis | Atopic dermatitis of the hands | Atopic winter feet | Autoeczematisation | Autoimmune progesterone dermatitis | Axillary granular parakeratosis | Axillary granular parakeratosis images | Barrier function in atopic dermatitis | Benign familial chronic pemphigus | Benign mucosal pemphigoid | Benzalkonium chloride contact dermatitis | Bindi dermatitis | Biotin deficiency dermatitis | Bird mite dermatitis | Bovine pustular stomatitis | Bowel bypass syndrome | BP pathology | Brunsting-Perry cicatricial pemphigoid | Brunsting-Perry cicatricial pemphigoid pathology | CACD | Capillaritis pathology | Causes of allergic dermatitis | Cement dermatitis | Cercarial dermatitis | Chondrodermatitis nodularis | Chondrodermatitis nodularis pathology | Chromoblastomycosis | Chronic radiodermatitis pathology | Chronic superficial dermatitis | Clothing dermatitis | Coeliac disease | Complications of atopic dermatitis | Compulsive hand washing | Computer mouse dermatitis | Contact allergy to lauryl glucoside | Contact dermatitis | Contact dermatitis of the eyelid images | Contact dermatitis to formaldehyde | Contact dermatitis to fragrance | Contact dermatitis to jewellery | Contact dermatitis to nitrile | Contact irritant dermatitis | Contact irritant dermatitis images | Cradle cap | DA | Dandruff | Dermatitis | Dermatitis exfoliativa | Dermatitis herpetiformis of pregnancy | Dermatitis herpetiformis pathology | Dermatitis linearis | Dermatitis neglecta | Dermatosis papulosa adultorum | Dermoscopy of inflammatory conditions | Discoid dermatitis | Drug-induced exfoliative dermatitis | Drug-induced nummular dermatitis | Drug-induced pemphigus foliaceus | Eczema due to housework | Eczema intertrigo | Eczema, dermatitis and allergies | Erythroderma | Erythroderma desquamativum | Erythroderma images | Erythrodermic psoriasis | Familial benign chronic pemphigus pathology | Fibreglass dermatitis | Fingertip dermatitis | Flagellate dermatitis | Flagellate erythema | Forefoot dermatitis images | Gianotti-Crosti syndrome images | Granulomatous dermatitis | Gravitational eczema | Guidelines for the management of adult eczema | Guidelines for the outpatient management of childhood eczema | Halo dermatitis | Hand dermatitis | Hand dermatitis images | Hot tub dermatitis | Hyperkeratotic eczema of the palms | IEN type IgA pemphigus | Incontinence dermatitis | Interstitial granulomatous dermatitis pathology | Irritant contact cheilitis due to lip-licking | Lichen simplex of the vulva | Lichenified dermatitis | Marine dermatitis | Napkin dermatitis | Neurodermatitis of the scrotum | Nipple dermatitis | Occupational dermatitis among construction workers | Onchocerciasis | Papular dermatitis of pregnancy | Paraneoplastic pemphigus | Paraneoplastic pemphigus pathology | Pemphigoid nodularis | Pemphigus foiiaceous pathology | Pemphigus foliaceous | Pemphigus vulgaris | Pemphigus vulgaris pathology | Periocular dermatitis | Perioral dermatitis in childhood | Periorificial dermatitis | Photo-irritant contact dermatitis | Phytodermatosis | Phytophotodermatitis | Pityriasiform seborrhoeic dermatitis | Pretibial pruritic papular dermatitis | Psoriasiform seborrheic dermatitis | Psychological effects of atopic dermatitis | Pyodermatitis vegetans | Radiation burn | SCORAD | Seaweed dermatitis | Shiitake flagellate dermatitis images | Systemic contact dermatitis | Therapies for atopic eczema"
hoi_chung_raynaud,Hội chứng Raynaud,Raynaud syndrome,Bệnh da tự miễn,https://dermnetnz.org/topics/raynaud-phenomenon,0,
viem_da_co_dia_pdf,Viêm da cơ địa,Atopic dermatitis,Bệnh da dị ứng - miễn dịch,https://dermnetnz.org/topics/atopic-dermatitis,152,"Acantholysis bullosa | ACD | ACD to blood sugar monitors | Acne cheloidalis nuchae | Acquired blaschkoid dermatitis | Acrodermatitis chronica atrophicans | Acrodermatitis continua of Hallopeau | Acrodermatitis enteropathica | Acrodermatitis enteropathica-like conditions | Acrodermatitis of childhood | Actinic reticuloid | Acute palmoplantar eczeama | ADD | Adeps lanae anhydrous allergy | Adverse cutaneous reaction to drug | Airborne contact dermatitis | Allergic contact blepharitis | Allergic contact dermatitis | Allergic contact dermatitis affecting the face images | Allergic contact dermatitis by hairdressing product | Allergic contact dermatitis due to topical bufexamac | Allergic contact dermatitis in children | Allergic contact dermatitis of the hands images | Allergic contact dermatitis of the limbs images | Allergic contact dermatitis of the trunk images | Allergic contact dermatitis on feet | Allergic contact dermatitis to benzisothiazolinone | Allergic contact dermatitis to essential oils | Allergic contact dermatitis to fragrance | Allergic contact dermatitis to gold | Allergic contact dermatitis to isocyanate | Allergic contact dermatitis to methylisothiazolinone | Allergic contact dermatitis to nickel | Allergic contact dermatitis to propylene glycol | Allergic contact dermatitis to seminal fluid | Allergic contact dermatitis to shellac | Allergic contact dermatitis to sodium metabisulfite | Allergic contact dermatitis to textile dyes | Allergic contact dermatitis to topical biocides | Allergy to dimethyl fumarate | Allergy to rubber accelerators | Annular lichenoid dermatitis of youth | Anogenital cellulitis of infancy/childhood | Arthrocutaneouveal granulomatosis | Assessment of atopic dermatitis | Asteraceae allergies | Atopic allergy | Atopic dermatitis of the hands | Atopic eruption of pregnancy | Atopic winter feet | Autoeczematisation | Autoimmune progesterone dermatitis | Axillary granular parakeratosis | Axillary granular parakeratosis images | Barrier function in atopic dermatitis | Benign mucosal pemphigoid | Benzalkonium chloride contact dermatitis | Bindi dermatitis | Biotin deficiency dermatitis | Bird mite dermatitis | Bovine pustular stomatitis | Bowel bypass syndrome | CACD | Capillaritis pathology | Causes of allergic dermatitis | Cement dermatitis | Cercarial dermatitis | Chondrodermatitis nodularis | Chondrodermatitis nodularis pathology | Chromoblastomycosis | Chronic radiodermatitis pathology | Chronic superficial dermatitis | Clothing dermatitis | Coeliac disease | Complications of atopic dermatitis | Compulsive hand washing | Computer mouse dermatitis | Contact allergy to lauryl glucoside | Contact dermatitis | Contact dermatitis of the eyelid images | Contact dermatitis to formaldehyde | Contact dermatitis to fragrance | Contact dermatitis to jewellery | Contact dermatitis to nitrile | Contact irritant dermatitis | Contact irritant dermatitis images | Cradle cap | DA | Dandruff | Dermatitis | Dermatitis exfoliativa | Dermatitis herpetiformis | Dermatitis herpetiformis of pregnancy | Dermatitis herpetiformis pathology | Dermatitis linearis | Dermatitis neglecta | Dermatosis papulosa adultorum | Dermoscopy of inflammatory conditions | Discoid dermatitis | Drug-induced exfoliative dermatitis | Drug-induced nummular dermatitis | Eczema due to housework | Eczema intertrigo | Eczema, dermatitis and allergies | Erythroderma | Erythroderma desquamativum | Erythroderma images | Erythrodermic psoriasis | Fibreglass dermatitis | Fingertip dermatitis | Flagellate dermatitis | Flagellate erythema | Forefoot dermatitis images | Gianotti-Crosti syndrome images | Granulomatous dermatitis | Gravitational eczema | Guidelines for the management of adult eczema | Guidelines for the outpatient management of childhood eczema | Halo dermatitis | Hand dermatitis | Hand dermatitis images | Hot tub dermatitis | Hyperkeratotic eczema of the palms | Incontinence dermatitis | Interstitial granulomatous dermatitis pathology | Irritant contact cheilitis due to lip-licking | Lichen simplex of the vulva | Lichenified dermatitis | Marine dermatitis | Napkin dermatitis | Neurodermatitis of the scrotum | Nipple dermatitis | Occupational dermatitis among construction workers | Onchocerciasis | Papular dermatitis of pregnancy | Periocular dermatitis | Perioral dermatitis in childhood | Periorificial dermatitis | Photo-irritant contact dermatitis | Phytodermatosis | Phytophotodermatitis | Pityriasiform seborrhoeic dermatitis | Pretibial pruritic papular dermatitis | Psoriasiform seborrheic dermatitis | Psychological effects of atopic dermatitis | Pyodermatitis vegetans | Radiation burn | SCORAD | Seaweed dermatitis | Shiitake flagellate dermatitis images | Systemic contact dermatitis | Therapies for atopic eczema"
viem_da_tiep_xuc_di_ung,Viêm da tiếp xúc dị ứng,Allergic contact dermatitis,Bệnh da dị ứng - miễn dịch,https://dermnetnz.org/topics/contact-allergy-to-octyl-glucoside,175,"Acantholysis bullosa | ACD | ACD to blood sugar monitors | Acne cheloidalis nuchae | Acquired blaschkoid dermatitis | Acrodermatitis chronica atrophicans | Acrodermatitis continua of Hallopeau | Acrodermatitis enteropathica | Acrodermatitis enteropathica-like conditions | Acrodermatitis of childhood | Actinic reticuloid | Acute palmoplantar eczeama | ADD | Adeps lanae anhydrous allergy | Adverse cutaneous reaction to drug | Airborne contact dermatitis | Allergic conjunctivitis | Allergic contact blepharitis | Allergic contact cheilitis | Allergic contact cheilitis to musical instrument | Allergic contact dermatitis affecting the face images | Allergic contact dermatitis by hairdressing product | Allergic contact dermatitis due to topical bufexamac | Allergic contact dermatitis in children | Allergic contact dermatitis of the hands images | Allergic contact dermatitis of the limbs images | Allergic contact dermatitis of the trunk images | Allergic contact dermatitis on feet | Allergic contact dermatitis to benzisothiazolinone | Allergic contact dermatitis to essential oils | Allergic contact dermatitis to fragrance | Allergic contact dermatitis to gold | Allergic contact dermatitis to isocyanate | Allergic contact dermatitis to methylisothiazolinone | Allergic contact dermatitis to nickel | Allergic contact dermatitis to propylene glycol | Allergic contact dermatitis to seminal fluid | Allergic contact dermatitis to shellac | Allergic contact dermatitis to sodium metabisulfite | Allergic contact dermatitis to textile dyes | Allergic contact dermatitis to topical biocides | Allergic contact stomatitis | Allergic contact urticaria | Allergic granulomatosis | Allergic granulomatosis pathology | Allergic granulomatous angiitis of Cronkhite Canada | Allergic or hypersensitivity conditions | Allergic purpura | Allergy to cobalt | Allergy to dimethyl fumarate | Allergy to rubber accelerators | Annular lichenoid dermatitis of youth | Anogenital cellulitis of infancy/childhood | Arthrocutaneouveal granulomatosis | Assessment of atopic dermatitis | Asteraceae allergies | Atopic dermatitis | Atopic dermatitis of the hands | Atopic winter feet | Autoeczematisation | Autoimmune progesterone dermatitis | Axillary granular parakeratosis | Axillary granular parakeratosis images | Barrier function in atopic dermatitis | Benign mucosal pemphigoid | Benzalkonium chloride contact dermatitis | Bindi dermatitis | Biotin deficiency dermatitis | Bird mite dermatitis | Bovine pustular stomatitis | Bowel bypass syndrome | CACD | Capillaritis pathology | Causes of allergic dermatitis | Cement dermatitis | Cera alba | Cercarial dermatitis | Chemical hypomelanosis | Chondrodermatitis nodularis | Chondrodermatitis nodularis pathology | Chromoblastomycosis | Chronic radiodermatitis pathology | Chronic superficial dermatitis | Closed patch test | Clothing dermatitis | Coeliac disease | Complications of atopic dermatitis | Compulsive hand washing | Computer mouse dermatitis | Contact allergens | Contact allergy to hydroperoxides of limonene and linalool | Contact allergy to lauryl glucoside | Contact allergy to octylisothiazolinone | Contact allergy to parabens | Contact dermatitis | Contact dermatitis of the eyelid images | Contact dermatitis to formaldehyde | Contact dermatitis to fragrance | Contact dermatitis to jewellery | Contact dermatitis to nitrile | Contact heat urticaria | Contact immunotherapy | Contact irritant dermatitis | Contact irritant dermatitis images | Contact reactions to cosmetics | Contact reactions to lipsticks and other lipcare products | Contact reactions to toothpaste and other oral hygiene products | Cradle cap | DA | Dandruff | Dermatitis | Dermatitis exfoliativa | Dermatitis herpetiformis | Dermatitis herpetiformis of pregnancy | Dermatitis herpetiformis pathology | Dermatitis linearis | Dermatitis neglecta | Dermatosis papulosa adultorum | Dermoscopy of inflammatory conditions | Desensitisation for allergic diseases | Discoid dermatitis | Drug-induced exfoliative dermatitis | Drug-induced nummular dermatitis | Eczema due to housework | Eczema intertrigo | Eczema, dermatitis and allergies | Erythroderma | Erythroderma desquamativum | Erythroderma images | Erythrodermic psoriasis | Fibreglass dermatitis | Fingertip dermatitis | Flagellate dermatitis | Flagellate erythema | Forefoot dermatitis images | Gianotti-Crosti syndrome images | Granulomatous dermatitis | Gravitational eczema | Guidelines for the management of adult eczema | Guidelines for the outpatient management of childhood eczema | Halo dermatitis | Hand dermatitis | Hand dermatitis images | Hot tub dermatitis | Hyperkeratotic eczema of the palms | Incontinence dermatitis | Interstitial granulomatous dermatitis pathology | Irritant contact cheilitis due to lip-licking | Lichen simplex of the vulva | Lichenified dermatitis | Marine dermatitis | Napkin dermatitis | Neurodermatitis of the scrotum | Nipple dermatitis | Occupational dermatitis among construction workers | Onchocerciasis | Papular dermatitis of pregnancy | Periocular dermatitis | Perioral dermatitis in childhood | Periorificial dermatitis | Photo-irritant contact dermatitis | Phytodermatosis | Phytophotodermatitis | Pigmented contact cheilitis | Pityriasiform seborrhoeic dermatitis | Pretibial pruritic papular dermatitis | Psoriasiform seborrheic dermatitis | Psychological effects of atopic dermatitis | Pyodermatitis vegetans | Radiation burn | SCORAD | Seaweed dermatitis | Shiitake flagellate dermatitis images | Systemic contact dermatitis | Therapies for atopic eczema"
dress,Hội chứng DRESS,Drug reaction with eosinophilia and systemic symptoms,Bệnh da dị ứng - miễn dịch,https://dermnetnz.org/topics/drug-hypersensitivity-syndrome,90,Acetylcholine receptor antagonist | Acne due to a medicine | Acneiform drug eruptions | Acute generalised exanthematous pustulosis | Acute localised exanthematous pustulosis | Adeps lanae anhydrous allergy | Adverse cutaneous reaction to drug | Adverse cutaneous reactions to drugs | Adverse cutaneous reactions to psychotropic drugs | Adverse cutaneous reactions to vaccines | Adverse effects from systemic steroids in dermatology patients: prevention and management | Adverse skin reactions to cytotoxic medications | AL amyloidosis | Allergic contact cheilitis to musical instrument | Allergic or hypersensitivity conditions | Allergy sensitivity to fungi syndrome | Allergy to fake tattoo | Alopecia from drugs | Amalgam associated oral lichenoid reaction | Anaphylactic reaction | Angiolymphoid hyperplasia with eosinophilia | Angiolymphoid hyperplasia with eosinophilia pathology | Anti-TNF-alpha drugs | Antibiotic-induced rashes | Antiepileptic medicines | Antifungal drug resistance | Arthrocutaneouveal granulomatosis | Atopic allergy | Atrophic polychondritis | Autoeczematisation | Autographism | Bacterial dermatologic disorders | Benign poikiloderma | Benzalkonium chloride contact dermatitis | Beta-adrenoceptor blocking drugs | Bullous systemic lupus erythematosus | Contact allergy to lauryl glucoside | Contact dermatitis to formaldehyde | Contact reactions to cosmetics | Contact reactions to lipsticks and other lipcare products | Contact reactions to toothpaste and other oral hygiene products | Coronavirus vaccine reactions | Cutaneous adverse effects of targeted anticancer therapies | Cutaneous adverse reactions to calcineurin inhibitors | Cutaneous effects of drugs of abuse | Cutaneous face mask and respirator reactions | Dermatomyositis-like drug eruption | Diffuse eosinophilic fasciitis | Drug induced chronic cutaneous LE | Drug photoallergy | Drug-aggravated psoriasis | Drug-induced abnormal pigmentation of skin | Drug-induced baboon syndrome | Drug-induced exfoliative dermatitis | Drug-induced leukoderma | Drug-induced nail abnormalities | Drug-induced nummular dermatitis | Drug-induced oral lichen planus | Drug-induced pemphigus foliaceus | Drug-induced urticaria | Drugs for skin diseases | Drugs in pregnancy | Dupilumab-associated conjunctivitis | Eczema pathology | Eosinophilic fasciitis pathology | Exanthematous drug eruption | Foreign body granuloma | Granulomatous dermatitis | Heat and cold | Immune reconstitution disease | Immunomodulatory drug monitoring | Immunotherapy-related psoriasiform reactions | Insect bite allergy | Lepra reactions | Lichenoid drug eruption pathology | Non-steroidal anti-inflammatory drugs and their skin side effects | Psoriasis medicines | Reactions to external agents | SCAR | Serum sickness-like reaction | Skin manifestations of systemic mycoses | Skin signs and systemic disease | SLE images | Sulfonamides (sulfa drugs) and the skin | Systemic amyloidosis pathology | Systemic contact dermatitis | Systemic lupus erythematosus | Tattoo-associated skin reactions | Tuberculosis with hypersensitivity reaction | Xylazine drug ulcers
hong_ban_da_dang,Hồng ban đa dạng,Erythema multiforme,Bệnh da dị ứng - miễn dịch,https://dermnetnz.org/topics/erythema-multiforme,57,Acne erythematosa | Acral erythema due to cytotoxic therapy | Acute inflammatory edema | Angel kiss | Annular erythema | Annular erythema pathology | Ashy dermatosis | Atrophoderma vermiculatum | Axillary granular parakeratosis | Benign migratory glossitis | Bilateral hilar lymph node sarcoidosis with erythema nodosum | Bullous systemic lupus erythematosus | Chilblain | Chilblain LE | Chronic cutaneous lupus erythematosus | Chronic upper facial erythematous oedema | Congenital telangiectatic erythema | Cutaneous lupus erythematosus | Cutaneous lupus erythematosus images | Discoid lupus erythematosus pathology | Drug induced chronic cutaneous LE | EAC | Ectodermosis erosiva pluriorificialis | Eczema intertrigo | EED pathology | EN images | EN pathology | Erythema ab igne | Erythema chronica migrans images | Erythema contagiosum | Erythema elevatum diutinum | Erythema gyratum repens | Erythema gyratum repens pathology | Erythema multiforme images | Erythema multiforme-like lupus erythematosus | Erythema multiforme: histological features and mechanisms | Erythema nodosum | Erythema palmare hereditarium | Erythema solare | Erythema toxicum | Erythrokeratolysis hiemalis | Flagellate dermatitis | Flagellate erythema | Glucagonoma syndrome | Idiopathic plantar hidradenitis | Keratolytic winter erythema images | Keratosis pilaris atrophicans faciei | Necrolytic acral erythema | Neonatal lupus | Nodular vasculitis | Palmar erythema | Plaque-like cutaneous mucinosis | Psychological effects of cutaneous lupus erythematosus | REM pathology | SLE images | Subacute cutaneous lupus erythematosus | Systemic lupus erythematosus
hoi_chung_stevens_johnson,Hội chứng Stevens-Johnson,Stevens-Johnson syndrome,Bệnh da dị ứng - miễn dịch,,4,Ectodermosis erosiva pluriorificialis | Medical care of SJS/TEN | SJS images | SJS–TEN causes
hoi_chung_lyell,Hội chứng Lyell,Toxic epidermal necrolysis,Bệnh da dị ứng - miễn dịch,,48,"Acral erythema due to cytotoxic therapy | Acute generalised exanthematous pustulosis | Acute localised exanthematous pustulosis | Acute mercury poisoning from fish | Adverse skin reactions to cytotoxic medications | Arsenicism | Becker melanosis | Benign familial chronic pemphigus | Benign poikiloderma | Blister agent toxicity | Bowen disease of skin | Bowen disease of skin images | Carbon monoxide poisoning | Cartilaginous choristoma | Congenital lipomatous overgrowth, vascular malformations, and epidermal naevi | Cutaneous fibrous histiocytoma | Cutaneous side effects of EGFR and protein kinase inhibitors | Drug-induced pemphigus foliaceus | Ectodermosis erosiva pluriorificialis | Epidermal cyst | Epidermal cyst pathology | Epidermal inclusion cyst images | Epidermal naevus | Epidermal naevus pathology | Epidermal naevus syndromes | Erythema toxicum | Familial benign chronic pemphigus pathology | Flagellate erythema | Gram-positive septic shock | Heavy metal poisoning | Hereditary epidermal polycystic disease | Hypervitaminosis A | IEN type IgA pemphigus | ILVEN pathology | Inflammatory linear verrucous epidermal naevus | Medical care of SJS/TEN | Paraneoplastic pemphigus | Paraneoplastic pemphigus pathology | Pemphigus foiiaceous pathology | Pemphigus foliaceous | Pemphigus vulgaris | Pemphigus vulgaris pathology | SJS images | SJS–TEN causes | Subepidermal calcified nodule | Thallium poisoning | Toxic epidermal necrolysis pathology | Toxicodendron succedaneum"
san_ngua,Sẩn ngứa,Prurigo,Bệnh da dị ứng - miễn dịch,,7,Actinic prurigo | Atopic eruption of pregnancy | Keto rash | Nodular prurigo | Prurigo aestivalis | Prurigo of pregnancy images | Prurigo pigmentosa pathology
may_day,Bệnh mày đay,Urticaria,Bệnh da dị ứng - miễn dịch,https://dermnetnz.org/topics/urticaria-an-overview,29,Acquired cold urticaria | Acute haemorrhagic oedema of infancy | Acute urticaria | Allergic contact urticaria | Amyloid nephropathy with deafness and urticaria | Aquagenic urticaria | Autographism | Autoimmune progesterone dermatitis | BASCULE | Cholinergic angio oedema urticaria | Chronic autoimmune urticaria | Chronic idiopathic urticaria | Chronic inducible urticaria | Contact heat urticaria | Delayed pressure urticaria | Drug-induced urticaria | Familial cold autoinflammatory syndrome | Humanised anti-IgE monoclonal antibody | Insect bite allergy | Maculopapular cutaneous mastocytosis | Maculopapular cutaneous mastocytosis pathology | Papular dermatitis of pregnancy | Solar urticaria | Urticaria and urticaria-like conditions | Urticaria images | Urticaria in children | Urticarial vasculitis | Urticarial vasculitis images | Vibratory urticaria
viem_da_dau,Viêm da dầu,Seborrheic dermatitis,Bệnh đỏ da có vảy,,152,"Acantholysis bullosa | ACD | ACD to blood sugar monitors | Acne cheloidalis nuchae | Acquired blaschkoid dermatitis | Acrodermatitis chronica atrophicans | Acrodermatitis continua of Hallopeau | Acrodermatitis enteropathica | Acrodermatitis enteropathica-like conditions | Acrodermatitis of childhood | Actinic reticuloid | Acute palmoplantar eczeama | ADD | Adeps lanae anhydrous allergy | Adverse cutaneous reaction to drug | Airborne contact dermatitis | Allergic contact blepharitis | Allergic contact dermatitis | Allergic contact dermatitis affecting the face images | Allergic contact dermatitis by hairdressing product | Allergic contact dermatitis due to topical bufexamac | Allergic contact dermatitis in children | Allergic contact dermatitis of the hands images | Allergic contact dermatitis of the limbs images | Allergic contact dermatitis of the trunk images | Allergic contact dermatitis on feet | Allergic contact dermatitis to benzisothiazolinone | Allergic contact dermatitis to essential oils | Allergic contact dermatitis to fragrance | Allergic contact dermatitis to gold | Allergic contact dermatitis to isocyanate | Allergic contact dermatitis to methylisothiazolinone | Allergic contact dermatitis to nickel | Allergic contact dermatitis to propylene glycol | Allergic contact dermatitis to seminal fluid | Allergic contact dermatitis to shellac | Allergic contact dermatitis to sodium metabisulfite | Allergic contact dermatitis to textile dyes | Allergic contact dermatitis to topical biocides | Allergy to dimethyl fumarate | Allergy to rubber accelerators | Annular lichenoid dermatitis of youth | Anogenital cellulitis of infancy/childhood | Arthrocutaneouveal granulomatosis | Assessment of atopic dermatitis | Asteraceae allergies | Atopic dermatitis | Atopic dermatitis of the hands | Atopic winter feet | Autoeczematisation | Autoimmune progesterone dermatitis | Axillary granular parakeratosis | Axillary granular parakeratosis images | Barrier function in atopic dermatitis | Benign mucosal pemphigoid | Benign seborrheic hyperplasia | Benzalkonium chloride contact dermatitis | Bindi dermatitis | Biotin deficiency dermatitis | Bird mite dermatitis | Bovine pustular stomatitis | Bowel bypass syndrome | CACD | Capillaritis pathology | Causes of allergic dermatitis | Cement dermatitis | Cercarial dermatitis | Chondrodermatitis nodularis | Chondrodermatitis nodularis pathology | Chromoblastomycosis | Chronic radiodermatitis pathology | Chronic superficial dermatitis | Clothing dermatitis | Coeliac disease | Complications of atopic dermatitis | Compulsive hand washing | Computer mouse dermatitis | Contact allergy to lauryl glucoside | Contact dermatitis | Contact dermatitis of the eyelid images | Contact dermatitis to formaldehyde | Contact dermatitis to fragrance | Contact dermatitis to jewellery | Contact dermatitis to nitrile | Contact irritant dermatitis | Contact irritant dermatitis images | Cradle cap | DA | Dandruff | Dermatitis | Dermatitis exfoliativa | Dermatitis herpetiformis | Dermatitis herpetiformis of pregnancy | Dermatitis herpetiformis pathology | Dermatitis linearis | Dermatitis neglecta | Dermatosis papulosa adultorum | Dermoscopy of inflammatory conditions | Discoid dermatitis | Drug-induced exfoliative dermatitis | Drug-induced nummular dermatitis | Eczema due to housework | Eczema intertrigo | Eczema, dermatitis and allergies | Erythroderma | Erythroderma desquamativum | Erythroderma images | Erythrodermic psoriasis | Fibreglass dermatitis | Fingertip dermatitis | Flagellate dermatitis | Flagellate erythema | Forefoot dermatitis images | Gianotti-Crosti syndrome images | Granulomatous dermatitis | Gravitational eczema | Guidelines for the management of adult eczema | Guidelines for the outpatient management of childhood eczema | Halo dermatitis | Hand dermatitis | Hand dermatitis images | Hot tub dermatitis | Hyperkeratotic eczema of the palms | Incontinence dermatitis | Interstitial granulomatous dermatitis pathology | Irritant contact cheilitis due to lip-licking | Lichen simplex of the vulva | Lichenified dermatitis | Marine dermatitis | Napkin dermatitis | Neurodermatitis of the scrotum | Nipple dermatitis | Occupational dermatitis among construction workers | Onchocerciasis | Papular dermatitis of pregnancy | Periocular dermatitis | Perioral dermatitis in childhood | Periorificial dermatitis | Photo-irritant contact dermatitis | Phytodermatosis | Phytophotodermatitis | Pityriasiform seborrhoeic dermatitis | Pretibial pruritic papular dermatitis | Psoriasiform seborrheic dermatitis | Psychological effects of atopic dermatitis | Pyodermatitis vegetans | Radiation burn | SCORAD | Seaweed dermatitis | Shiitake flagellate dermatitis images | Systemic contact dermatitis | Therapies for atopic eczema"
vay_phan_hong,Vảy phấn hồng Gibert,Pityriasis rosea,Bệnh đỏ da có vảy,https://dermnetnz.org/topics/pityriasis-rosea,14,Acute pityriasis lichenoides pathology | Chronic pityriasis lichenoides | Cradle cap | Dandruff | Dermatoscopy of tinea versicolor | Dermatosis papulosa adultorum | Devergie disease | Keratomycosis nigricans | Pityriasis alba | Pityriasis amiantacea | Pityriasis circinata | Pityriasis rubra pilaris pathology | Pityriasis versicolor | Pityriasis versicolor pathology
vay_nen,Bệnh vảy nến,Psoriasis,Bệnh đỏ da có vảy,https://dermnetnz.org/topics/psoriasis,38,"Acute generalised pustular psoriasis of von Zumbusch | Adalimumab for psoriasis | Anogenital psoriasis | Anogenital psoriasis | Anogenital psoriasis images | Anogenital psoriasis images | Biologic agents | Biologics and novel small molecule treatments, reproduction and psoriasis | Chronic plaque psoriasis | Chronic superficial dermatitis | Dermoscopy of inflammatory conditions | Drug-aggravated psoriasis | Erythrodermic psoriasis | Etanercept for psoriasis | Facial psoriasis | Facial psoriasis images | Generalised pustular psoriasis of pregnancy | Guidelines for the management of psoriasis | Guttate psoriasis | Guttate psoriasis images | Hypertrophic palmoplantar psoriasis images | Infliximab for psoriasis | Liver disease and psoriasis patients | Nail psoriasis | Nail psoriasis images | Non-pustular psoriasis of hands and feet | Oral psoriasis | Paediatric psoriasis | Paradoxical psoriasis | PASI score | Patient-oriented PASI score | Psoriasiform seborrheic dermatitis | Psoriasis medicines | Psychological effects of psoriasis | Scalp psoriasis | Treatment of psoriasis | Treatment of psoriasis in pregnancy | Ustekinumab for psoriasis"
a_vay_nen,Á vảy nến và vảy phấn dạng lichen,Parapsoriasis and pityriasis lichenoides,Bệnh đỏ da có vảy,,20,Acute pityriasis lichenoides pathology | Chronic pityriasis lichenoides | Chronic superficial dermatitis | Cradle cap | CTCL palmoplantar variant | CTCL pathology | Dandruff | Dermatoscopy of tinea versicolor | Dermatosis papulosa adultorum | Devergie disease | Keratomycosis nigricans | Keratose lichenoide striae | Keratosis lichenoides chronica pathology | Pityriasis alba | Pityriasis amiantacea | Pityriasis circinata | Pityriasis circinata et maculata | Pityriasis rubra pilaris pathology | Pityriasis versicolor | Pityriasis versicolor pathology
do_da_toan_than,Đỏ da toàn thân,Erythroderma,Bệnh đỏ da có vảy,https://dermnetnz.org/topics/erythroderma,8,Bullous congenital ichthyosiform erythroderma | Drug-induced exfoliative dermatitis | Erythroderma desquamativum | Erythroderma images | Erythrodermic psoriasis | Ichthyosiform erythroderma with hair abnormality and mental and growth retardation | Papuloerythroderma of Ofuji | Sezary disease
lichen_phang,Bệnh lichen phẳng,Lichen planus,Bệnh đỏ da có vảy,https://dermnetnz.org/topics/lichen-planus,37,Acute pityriasis lichenoides pathology | Amalgam associated oral lichenoid reaction | Annular lichenoid dermatitis of youth | Balanitis xerotica obliterans | Balanitis xerotica obliterans images | Benign lichenoid keratosis | Capillaritis pathology | Chronic pityriasis lichenoides | Dermatoscopy of lichen sclerosus et atrophicus | Dermatosis papulosa adultorum | Devergie disease | Drug-induced oral lichen planus | Erosive genital lichen planus | Extragenital lichen sclerosus images | Follicular lichen planus | Frontal fibrosing alopecia | Insect bite allergy | Keratose lichenoide striae | Keratosis lichenoides chronica pathology | Lichen myxoedematosus | Lichen myxoedematosus pathology | Lichen nitidus pathology | Lichen planus pathology | Lichen sclerosus et atrophicus | Lichen sclerosus pathology | Lichen simplex of the vulva | Lichen striata | Lichen striatus pathology | Lichenified dermatitis | Lichenoid dermatoses | Lichenoid drug eruption pathology | Lichenoid eruption due to medications | Neurodermatitis of the scrotum | Oral lichen planus | Perianal lichen sclerosus images | Vulval lichen sclerosus images | Vulval lichen simplex images
giang_mai,Bệnh giang mai,Syphilis,Bệnh lây truyền qua đường tình dục,https://dermnetnz.org/topics/syphilis,2,Syphilis images | Syphilis pathology
benh_lau,Bệnh lậu,Gonorrhea,Bệnh lây truyền qua đường tình dục,,1,Trichomoniasis
candida_sinh_duc,Viêm âm hộ-âm đạo do Candida,Vulvovaginal candidiasis,Bệnh lây truyền qua đường tình dục,https://dermnetnz.org/topics/vulvovaginal-candidiasis,9,Acquired chronic mucocutaneous candidiasis | APS1 | Candida | Candida infection of flexural skin | Candidiasis pathology | Non-albicans candida infections | Oral Candida infection | Trichomoniasis | Vulval and vaginal problems in prepubertal females
herpes_sinh_duc,Herpes sinh dục,Genital herpes,Bệnh lây truyền qua đường tình dục,https://dermnetnz.org/topics/genital-herpes,61,"Absence defect of limbs scalp and skull | Accessory nipple dermoscopy | Acquired hypertrichosis | Alphaherpesvirinae | Anogenital cellulitis of infancy/childhood | Anogenital granulomatosis | Anogenital psoriasis | Anogenital psoriasis | Anogenital psoriasis images | Anogenital psoriasis images | Anogenital squamous cell carcinoma | Anogenital wart | Anogenital wart pathology | Aplasia cutis congenita | Balanitis xerotica obliterans | Bart syndrome | Begnez-Cesar syndrome | Birthmarks | Bronchogenic cyst pathology | Brown birthmark | Brown birthmark pathology | Bullous acrokeratotic poikiloderma of Kindler and Weary | Bullous congenital ichthyosiform erythroderma | Capillary vascular malformation | Cervical auricle | Chickenpox pathology | Chickenpox pathology | Chlamydia trachomatis infection | Chronic granulomatous disease | Chronic recurrent multifocal osteomyelitis congenital dyserythropoietic anaemia and neutrophilic dermatosis | Classic congenital adrenal hyperplasia | Clitoral hoodplasty | Cole-Engmann-Zinsser syndrome | Congenital erythropoietic porphyria | Congenital ichthyosis type 4 | Congenital leukokeratosis | Congenital lipomatous overgrowth, vascular malformations, and epidermal naevi | Congenital livedo reticularis | Congenital malalignment of great toenail | Congenital oculodermal melanocytosis | Congenital pachyonychia | Congenital telangiectatic erythema | Congenital temporal alopecia | Congenital xanthoma tuberosum | Crohn disease of anogenital skin | Dermatitis herpetiformis of pregnancy | Epstein-Barr virus | Erosive genital lichen planus | Extragenital lichen sclerosus images | Fournier gangrene | Genital Crohn disease images | Genital herpes images | Genital itch | Herpes varicella zoster | Herpes zoster images | Human herpesvirus 1 | LAST | Male genital dysaesthesia | Non-sexually acquired genital ulceration | Offensive genital odour | Poikiloderma congenitale"
chlamydia_sinh_duc,Nhiễm Chlamydia trachomatis sinh dục-tiết niệu,Chlamydia trachomatis infection,Bệnh lây truyền qua đường tình dục,https://dermnetnz.org/topics/genitourinary-chlamydia,1,Trichomoniasis
trichomoniasis,Viêm âm đạo do trùng roi,Trichomoniasis,Bệnh lây truyền qua đường tình dục,https://dermnetnz.org/topics/trichomoniasis,0,
sui_mao_ga_sinh_duc,Bệnh sùi mào gà sinh dục,Genital warts,Bệnh lây truyền qua đường tình dục,https://dermnetnz.org/topics/anogenital-warts,58,"Absence defect of limbs scalp and skull | Accessory nipple dermoscopy | Acquired hypertrichosis | Anogenital cellulitis of infancy/childhood | Anogenital granulomatosis | Anogenital psoriasis | Anogenital psoriasis | Anogenital psoriasis images | Anogenital psoriasis images | Anogenital squamous cell carcinoma | Anogenital wart pathology | Aplasia cutis congenita | Balanitis xerotica obliterans | Bart syndrome | Begnez-Cesar syndrome | Birthmarks | Bronchogenic cyst pathology | Brown birthmark | Brown birthmark pathology | Bullous acrokeratotic poikiloderma of Kindler and Weary | Bullous congenital ichthyosiform erythroderma | Capillary vascular malformation | Cervical auricle | Chlamydia trachomatis infection | Chronic granulomatous disease | Chronic recurrent multifocal osteomyelitis congenital dyserythropoietic anaemia and neutrophilic dermatosis | Classic congenital adrenal hyperplasia | Clitoral hoodplasty | Cole-Engmann-Zinsser syndrome | Common warts pathology | Congenital erythropoietic porphyria | Congenital ichthyosis type 4 | Congenital leukokeratosis | Congenital lipomatous overgrowth, vascular malformations, and epidermal naevi | Congenital livedo reticularis | Congenital malalignment of great toenail | Congenital oculodermal melanocytosis | Congenital pachyonychia | Congenital telangiectatic erythema | Congenital temporal alopecia | Congenital xanthoma tuberosum | Crohn disease of anogenital skin | Cutaneous viral warts | Erosive genital lichen planus | Extragenital lichen sclerosus images | Fournier gangrene | Genital Crohn disease images | Genital herpes | Genital herpes images | Genital itch | LAST | Male genital dysaesthesia | Non-sexually acquired genital ulceration | Offensive genital odour | Papilloma | Plane warts pathology | Poikiloderma congenitale | Viral warts images"
ung_thu_te_bao_day,Ung thư tế bào đáy,Basal cell carcinoma,U da,https://dermnetnz.org/topics/basal-cell-carcinoma,118,Abrikossoff tumour | Abrikossoff tumour pathology | Acanthome à cellules claires | Ackerman tumour | Actinic elastosis | Actinic granuolma pathology | Adenocarcinoma cylindroid | Adenoid cystic eccrine carcinoma of skin | Aggressive digital papillary adenocarcinoma pathology | Aggressive trichofolliculoma | Anal cancer and anal canal cancer | Angiocentric T cell lymphoma pathology | Angioimmunoblastic lymphadenopathy | Angiotropic large cell lymphoma | Anogenital cellulitis of infancy/childhood | Anogenital squamous cell carcinoma | Autogenous haematopoietic stem cell transplantation | Bacterial cellulitis | Balanitis circumscripta plasmacellularis | Basal cell carcinoma dermatoscopy | Basal cell carcinoma in coloured skin | Basal cell carcinoma naevus syndrome | Basal cell carcinoma pathology | Basal cell naevus with comedones | Basal cell papilloma | Basal cell papilloma pathology | Basosquamous carcinoma | Bazex Dupre Christol syndrome | BCC - nodular images | Benign chronic T cell infiltrative disorder | Bowen disease of skin | Bowen disease of skin images | Bowen disease of the penis | Bowen disease of vulva | Bowen disease pathology | Cancer in situ of mouth | Cancer of the mouth | Carcinoma en cuirasse | Carcinoma en cuirasse pathology | Carcinoma of sebaceous gland | Cellular histiocytoma of skin pathology | Chediak Higashi like syndrome | Chickenpox pathology | Class I histiocytosis | Class II histiocytosis | Clear cell fibrous papule pathology | Clear cell mesenchymal neoplasm pathology | Combined cellular blue naevus and trichoepithelioma pathology | Congenital xanthoma tuberosum | Crosti lymphoma | CTCL images | CTCL pathology | Cutaneous B-cell lymphoma | Cutaneous marginal zone lymphoma | Cutaneous SCC in Asians | Cutaneous SCC pathology | Cutaneous small-medium pleomorphic T-cell lymphoma pathology | Cutaneous squamous cell carcinoma | Cutaneous squamous cell carcinoma dermoscopy | Cutaneous T-cell lymphoma | Digital papillary adenocarcinoma pathology | Dissecting cellulitus of the scalp | Eccrine carcinoma of the skin pathology | Eccrine porocarcinoma | Eccrine spiradenocarcinoma pathology | Eczema herpeticum | Eczema herpeticum images | Endocrine mucin-producing sweat gland carcinoma pathology | Eosinophilic cellulitis pathology | Excision margins and recurrence of basal cell carcinoma | Genetics of basal cell carcinoma | Giant cell arteritis | Giant cell fibroblastoma of the skin pathology | Giant cell fibroma | Giant cell reticulohistiocytosis | Giant cell tumour of tendon sheath pathology | Granular cell lipoma | Hereditary leiomyomatosis and renal cell cancer syndrome | Herpes varicella zoster | Is squamous cell carcinoma deadly? | Lymphoepithelial tumour of the skin pathology | Malignant degeneration in chronic wound | Mast cell hyperplasia | Mast cell naevus | Merkel cell carcinoma | Merkel cell carcinoma pathology | Metastatic adenocarcinoma pathology | Miscellaneous treatments and procedures to treat the skin | Mucinous carcinoma pathology | Multinucleate cell angiohistiocytoma pathology | Neurofollicular hamartoma pathology | Oral mucositis | PEComa pathology | Periungual Bowen disease images | Pilomatrical carcinoma | Plasma cell balanitis/vulvitis histology | Plasma cell balanitis/vulvitis images | Polymorphous sweat gland carcinoma pathology | Primary cutaneous anaplastic large-cell lymphoma | Primary cutaneous CD30 antigen positive large T-cell lymphoma | Primary cutaneous diffuse large B cell lymphoma pathology | Pseudocarcinomatous hyperplasia in anaplastic large cell lymphoma pathology | Reed naevus dermoscopy | Sebaceous carcinoma pathology | Spindle cell lipoma pathology | Spindle cell malignant melanoma | Spindle cell melanoma | Squamous cell carcinoma of limbs images | Squamous cell carcinoma of the ear images | Squamous cell carcinoma of the lip images | Squamous cell carcinoma on the face images | Squamous cell papilloma | Subcutaneous panniculitis-like T-cell lymphoma pathology | Trichilemmal carcinoma | Trichilemmal carcinoma pathology | Trichoblastic carcinoma | What does basal cell carcinoma look like? | What does squamous cell carcinoma look like?
ung_thu_te_bao_vay,Ung thư tế bào vảy,Squamous cell carcinoma,U da,https://dermnetnz.org/topics/cutaneous-squamous-cell-carcinoma,121,Abrikossoff tumour | Abrikossoff tumour pathology | Acanthome à cellules claires | Ackerman tumour | Actinic elastosis | Actinic granuolma pathology | Adenocarcinoma cylindroid | Adenoid cystic eccrine carcinoma of skin | Aggressive digital papillary adenocarcinoma pathology | Aggressive trichofolliculoma | Anal cancer and anal canal cancer | Angiocentric T cell lymphoma pathology | Angioimmunoblastic lymphadenopathy | Angiotropic large cell lymphoma | Anogenital cellulitis of infancy/childhood | Anogenital squamous cell carcinoma | Autogenous haematopoietic stem cell transplantation | Bacterial cellulitis | Balanitis circumscripta plasmacellularis | Basal cell carcinoma | Basal cell carcinoma dermatoscopy | Basal cell carcinoma in coloured skin | Basal cell carcinoma naevus syndrome | Basal cell carcinoma pathology | Basal cell naevus with comedones | Basal cell papilloma | Basal cell papilloma pathology | Basosquamous carcinoma | Bazex Dupre Christol syndrome | BCC - nodular images | Benign chronic T cell infiltrative disorder | Bowen disease of skin | Bowen disease of skin images | Bowen disease of the penis | Bowen disease of vulva | Bowen disease pathology | Cancer in situ of mouth | Cancer of the mouth | Carcinoma en cuirasse | Carcinoma en cuirasse pathology | Carcinoma of sebaceous gland | Cellular histiocytoma of skin pathology | Chediak Higashi like syndrome | Chickenpox pathology | Class I histiocytosis | Class II histiocytosis | Clear cell fibrous papule pathology | Clear cell mesenchymal neoplasm pathology | Combined cellular blue naevus and trichoepithelioma pathology | Congenital xanthoma tuberosum | Crosti lymphoma | CTCL images | CTCL pathology | Cutaneous B-cell lymphoma | Cutaneous marginal zone lymphoma | Cutaneous SCC in Asians | Cutaneous SCC pathology | Cutaneous small-medium pleomorphic T-cell lymphoma pathology | Cutaneous squamous cell carcinoma dermoscopy | Cutaneous T-cell lymphoma | Digital papillary adenocarcinoma pathology | Dissecting cellulitus of the scalp | Eccrine carcinoma of the skin pathology | Eccrine porocarcinoma | Eccrine spiradenocarcinoma pathology | Eczema herpeticum | Eczema herpeticum images | Endocrine mucin-producing sweat gland carcinoma pathology | Eosinophilic cellulitis pathology | Excision margins and recurrence of basal cell carcinoma | Familial multiple keratoacanthomas | Genetics of basal cell carcinoma | Giant cell arteritis | Giant cell fibroblastoma of the skin pathology | Giant cell fibroma | Giant cell reticulohistiocytosis | Giant cell tumour of tendon sheath pathology | Granular cell lipoma | Hereditary leiomyomatosis and renal cell cancer syndrome | Herpes varicella zoster | Is squamous cell carcinoma deadly? | LAST | Lymphoepithelial tumour of the skin pathology | Malignant degeneration in chronic wound | Mast cell hyperplasia | Mast cell naevus | Merkel cell carcinoma | Merkel cell carcinoma pathology | Metastatic adenocarcinoma pathology | Miscellaneous treatments and procedures to treat the skin | Mucinous carcinoma pathology | Multinucleate cell angiohistiocytoma pathology | Neurofollicular hamartoma pathology | Oral mucositis | PEComa pathology | Periungual Bowen disease images | Pilomatrical carcinoma | Plasma cell balanitis/vulvitis histology | Plasma cell balanitis/vulvitis images | Polymorphous sweat gland carcinoma pathology | Primary cutaneous anaplastic large-cell lymphoma | Primary cutaneous CD30 antigen positive large T-cell lymphoma | Primary cutaneous diffuse large B cell lymphoma pathology | Pseudocarcinomatous hyperplasia in anaplastic large cell lymphoma pathology | Reed naevus dermoscopy | Sebaceous carcinoma pathology | Spindle cell lipoma pathology | Spindle cell malignant melanoma | Spindle cell melanoma | Squamous cell carcinoma of limbs images | Squamous cell carcinoma of the ear images | Squamous cell carcinoma of the lip images | Squamous cell carcinoma on the face images | Squamous cell papilloma | Squamous intraepithelial lesion | Subcutaneous panniculitis-like T-cell lymphoma pathology | Trichilemmal carcinoma | Trichilemmal carcinoma pathology | Trichoblastic carcinoma | What does basal cell carcinoma look like? | What does squamous cell carcinoma look like?
ung_thu_hac_to,Ung thư tế bào hắc tố,Malignant melanoma,U da,https://dermnetnz.org/topics/melanoma,79,ABCDEFG of melanoma | About melanoma: for patients | Acquired hypertrichosis lanuginosa | Acral lentiginous melanoma | Acral lentiginous melanoma dermoscopy | Adamantiades Behcet disease | Adjuvant therapies for melanoma | Amelanotic melanoma | Amelanotic melanoma dermoscopy | Angiosarcoma | Angiotropic large cell lymphoma | Animal-type melanoma | Atypical melanocytic naevus | BAP-oma | Blood-based melanoma detection | Cancer metastasis to skin | Cancer of skin | Cancer of the mouth | Cancer of the vulva | Carcinoid syndrome | Childhood melanoma | Childhood melanoma pathology | Clark level 1 melanoma | Class III histocytoses | Cutaneous adverse effects of antimelanoma therapies | Defined antigen vaccines for melanoma | Degos disease | Desmoplastic malignant melanoma | Desmoplastic melanoma images | Diffuse melanosis cutis | Do I have melanoma? | Eccrine spiradenocarcinoma pathology | Electrical impedance spectroscopy for melanoma diagnosis | Eye melanoma | Genes and melanoma | Genetic testing for melanoma | Genetics of melanoma | Has my melanoma spread? | Histology of malignant melanoma | How is melanoma removed? | I have advanced melanoma: what now? | I have melanoma. What is my outlook? | Isolated limb perfusion for advanced melanoma | Juvenile melanoma | Lentiginous melanoma | Lentigo maligna and lentigo maligna melanoma | Lentigo maligna and lentigo maligna melanoma dermoscopy | Lymph node surgery for melanoma | Malignant basomelanocytic tumour pathology | Malignant degeneration in chronic wound | Malignant melanoma of nail apparatus | Malignant proliferating pilar tumour | Malignant synovioma | Melanocytic naevi and melanoma in pregnancy | Melanoma in skin of colour | Melanoma metastases | Melanoma of nail unit images | Melanoma research and clinical trials | Melanoma: what happens at the pathology laboratory? | Metastatic melanoma images | Metastatic melanoma of unknown origin | Mucosal melanoma | Myxofibrosarcoma pathology | Nail matrix melanoma pathology | Nodular malignant melanoma of the skin | Other melanoma resources | Primary dermal melanoma | Radiation therapy | Radiographic investigations in melanoma | Spindle cell malignant melanoma | Spindle cell melanoma | Superficial spreading melanoma | Surviving melanoma | Topical and intralesional immunotherapy for melanoma metastases | Treated melanoma pathology | Videos about Melanoma | What causes melanoma? Sunlight! | What is melanoma? An introduction | Who gets melanoma?
u_ong_tuyen_mo_hoi,U ống tuyến mồ hôi,Syringoma,U da,https://dermnetnz.org/topics/syringoma,6,Aggressive trichofolliculoma | Apocrine chondroid syringoma pathology | Combined cellular blue naevus and trichoepithelioma pathology | Desmoplastic trichoepithelioma | Epithelioma adenoides cysticum | Trichoepithelioma pathology
day_sung_long_ban_tay_chan_di_truyen,"Dày sừng lòng bàn tay, bàn chân di truyền",Inherited palmoplantar keratoderma,Bệnh da di truyền,,19,Acquired keratoderma | Acral erythema due to cytotoxic therapy | Acrokeratoelastoidosis | Acute palmoplantar eczeama | Aquagenic acrokeratoderma | Brunauer-Fohs-Siemens syndrome | CTCL palmoplantar variant | Diffuse hereditary palmoplantar keratodermas | Erythrokeratoderma | Hypertrophic palmoplantar psoriasis images | Idiopathic plantar hidradenitis | Keratosis palmaris et plantaris | Keratosis palmoplantaris Nagashima | Marginal acrokeratoderma | Non-pustular psoriasis of hands and feet | Palmar fibromatosis and plantar fibromatosis pathology | Palmoplantar pustulosis | Palmoplantar pustulosis images | Punctate-type palmoplantar keratoderma
ly_thuong_bi_bong_nuoc_bam_sinh,Ly thượng bì bọng nước bẩm sinh,Inherited epidermolysis bullosa,Bệnh da di truyền,https://dermnetnz.org/topics/epidermolysis-bullosa,23,Acquired epidermolysis bullosa | Angina bullosa haemorrhagica | Bart syndrome | Bart syndrome | Benign familial chronic pemphigus | Benign mucosal pemphigoid | BP pathology | Brunsting-Perry cicatricial pemphigoid | Brunsting-Perry cicatricial pemphigoid pathology | Dermatitis herpetiformis of pregnancy | Drug-induced pemphigus foliaceus | Dystrophic epidermolysis bullosa pruriginosa | Epidermolysis bullosa simplex | Familial benign chronic pemphigus pathology | Generalised intermediate junctional epidermolysis bullosa | IEN type IgA pemphigus | Paraneoplastic pemphigus | Paraneoplastic pemphigus pathology | Pemphigoid nodularis | Pemphigus foiiaceous pathology | Pemphigus foliaceous | Pemphigus vulgaris | Pemphigus vulgaris pathology
vay_phan_do_nang_long,Bệnh vảy phấn đỏ nang lông,Pityriasis rubra pilaris,Bệnh da di truyền,https://dermnetnz.org/topics/pityriasis-rubra-pilaris,19,Acute pityriasis lichenoides pathology | Atrophoderma vermiculatum | Chronic pityriasis lichenoides | Cradle cap | Dandruff | Dermatoscopy of tinea versicolor | Dermatosis papulosa adultorum | Follicular lichen planus | Frontal fibrosing alopecia | Keratomycosis nigricans | Keratosis pilaris atrophicans faciei | Keratosis pilaris images | Pityriasis alba | Pityriasis amiantacea | Pityriasis circinata | Pityriasis circinata et maculata | Pityriasis rubra pilaris pathology | Pityriasis versicolor | Pityriasis versicolor pathology
u_xo_than_kinh,U xơ thần kinh,Neurofibromatosis,Bệnh da di truyền,https://dermnetnz.org/topics/neurofibromatosis,1,MIM 162200 images
gai_den,Bệnh gai đen,Acanthosis nigricans,Bệnh da di truyền,https://dermnetnz.org/topics/acanthosis-nigricans,5,Acanthosis palmaris | Corynebacteria minutissimum infection | Erythrasma images | Erythrasma pathology | Keratomycosis nigricans
di_sung_nang_long,Dị sừng nang lông,Darier disease,Bệnh da di truyền,https://dermnetnz.org/topics/darier-disease,14,Benign familial chronic pemphigus | Benign lymphogranulomatosis of Schaumann | Darier disease pathology | Drug-induced pemphigus foliaceus | Epidermodysplasia verruciformis | Epidermodysplasia verruciformis pathology | Familial benign chronic pemphigus pathology | IEN type IgA pemphigus | Paraneoplastic pemphigus | Paraneoplastic pemphigus pathology | Pemphigus foiiaceous pathology | Pemphigus foliaceous | Pemphigus vulgaris | Pemphigus vulgaris pathology
vay_ca,Bệnh vảy cá,Ichthyosis,Bệnh da di truyền,https://dermnetnz.org/topics/ichthyosis,7,Axial osteosclerosis with bamboo hair | Bullous congenital ichthyosiform erythroderma | Congenital ichthyosis type 4 | Harlequin fetus | Ichthyosis images | Ichthyosis vulgaris | Kanikani
viem_da_dau_chi_ruot,Viêm da đầu chi-ruột,Acrodermatitis enteropathica,Bệnh da di truyền,https://dermnetnz.org/topics/acrodermatitis-enteropathica,5,Acrodermatitis chronica atrophicans | Acrodermatitis continua of Hallopeau | Acrodermatitis enteropathica-like conditions | Acrodermatitis of childhood | Gianotti-Crosti syndrome images
sarcoidosis,Sarcoidosis,Sarcoidosis,Bệnh da di truyền,https://dermnetnz.org/topics/sarcoidosis,5,Arthrocutaneouveal granulomatosis | Benign lymphogranulomatosis of Schaumann | Bilateral hilar lymph node sarcoidosis with erythema nodosum | Nodular sarcoidosis | Sarcoidosis pathology
bach_bien,Bệnh bạch biến,Vitiligo,Rối loạn sắc tố,,6,Chemical hypomelanosis | Depigmentation therapy for vitiligo | Dermatoscopy of vitiligo | Drug-induced leukoderma | Piebaldism | Surgical treatment of stable vitiligo
sam_da,Sạm da,Hyperpigmentation,Rối loạn sắc tố,,6,Acquired adrenocortical insufficiency | Acquired dermal macular hyperpigmentation | Acquired melanosis | Becker melanosis | Drug-induced abnormal pigmentation of skin | Idiopathic eruptive macular hyperpigmentation
ram_ma,Rám má,Melasma,Rối loạn sắc tố,https://dermnetnz.org/topics/melasma,1,Chloasma images
aphtose,Bệnh aphtose,Aphthosis,Các bệnh da khác,https://dermnetnz.org/topics/aphthous-ulcer,1,Adamantiades Behcet disease
benh_da_do_anh_sang,Bệnh da do ánh sáng,Photodermatosis,Các bệnh da khác,,1,Niacin deficiency
porphyrin_da,Bệnh porphyrin da,Cutaneous porphyria,Các bệnh da khác,,142,Acquired chronic mucocutaneous candidiasis | Acrochordon | Acrodermatitis chronica atrophicans | Actinophytosis | Actinophytosis pathology | Acute febrile mucocutaneous lymph node syndrome | Acute hepatic porphyrias | Acute mercury poisoning from fish | Adenoid cystic eccrine carcinoma of skin | Adverse cutaneous reaction to drug | Adverse cutaneous reactions to drugs | Adverse cutaneous reactions to psychotropic drugs | Adverse cutaneous reactions to vaccines | AL amyloidosis | Alcohol use and skin diseases | Angiomatosis oculo-orbital-thalamo-encephalic syndrome | Angiosarcoma | Antibiotic-induced rashes | Antiepileptic medicines | Bacterial cellulitis | Bairnsdale ulcer | Benign cutaneous lymphoid hyperplasia | Benign lymphogranulomatosis of Schaumann | Benign lymphoplasmacytic plaque | Bernhardt Rot syndrome | Busse Buschke disease | Calcinosis cutis | Calcinosis cutis pathology | Cancer metastasis to skin | Candidiasis pathology | Capillary vascular malformation | Cellular histiocytoma of skin pathology | Chronic cutaneous lupus erythematosus | Chronic infantile neurological | Congenital erythropoietic porphyria | Cornu cutaneum | Cornu cutaneum images | Creeping eruption pathology | Crohn disease of anogenital skin | Crohn disease of skin | Crosti lymphoma | CTCL images | CTCL pathology | Cutaneous abscess | Cutaneous adverse effects of antimelanoma therapies | Cutaneous adverse effects of checkpoint inhibitors | Cutaneous adverse effects of targeted anticancer therapies | Cutaneous adverse reactions to calcineurin inhibitors | Cutaneous amyloidosis | Cutaneous anatomy | Cutaneous B-cell lymphoma | Cutaneous bronchogenic cyst pathology | Cutaneous changes due to hepatotrophic viruses | Cutaneous collagenous vasculopathy | Cutaneous Crohn disease pathology | Cutaneous cysts and pseudocysts | Cutaneous diphtheria | Cutaneous dysaesthesia | Cutaneous effects of drugs of abuse | Cutaneous endometriosis | Cutaneous face mask and respirator reactions | Cutaneous fibrous histiocytoma | Cutaneous hepatic porphyria | Cutaneous larva migrans | Cutaneous livedo with nodules | Cutaneous lupus erythematosus | Cutaneous lupus erythematosus images | Cutaneous lymphadenoma disease pathology | Cutaneous lymphoid hyperplasia | Cutaneous manifestations of inflammatory bowel disease | Cutaneous marginal zone lymphoma | Cutaneous markers of internal malignancy | Cutaneous melanoma | Cutaneous meningospinal angiomatosis | Cutaneous microbiome | Cutaneous monosymptomatic delusional psychosis | Cutaneous mosaicism | Cutaneous mucinoses | Cutaneous myeloid sarcoma | Cutaneous myiasis | Cutaneous neurofibroma pathology | Cutaneous optical coherence tomography | Cutaneous plasmacytoma pathology | Cutaneous plasmacytosis | Cutaneous plasmacytosis pathology | Cutaneous SCC in Asians | Cutaneous SCC pathology | Cutaneous side effects of EGFR and protein kinase inhibitors | Cutaneous signs of trauma and death | Cutaneous small vessel vasculitis | Cutaneous small-medium pleomorphic T-cell lymphoma pathology | Cutaneous squamous cell carcinoma | Cutaneous squamous cell carcinoma dermoscopy | Cutaneous T-cell lymphoma | Cutaneous TB | Cutaneous tuberculosis images | Cutaneous tuberculosis pathology | Cutaneous vasculitis | Cutaneous viral warts | Dean Barnes syndrome | Degos disease | Dermato osteopoikilosis | Diffuse cutaneous erysipeloid | Drug induced chronic cutaneous LE | EBV-positive mucocutaneous ulcer | Electron beam radiation for cutaneous lymphoma | EPP pathology | Erythema multiforme images | Erythropoietic protoporphyria | Fat naevus | Fat naevus pathology | Florid cutaneous papillomatosis | Focal cutaneous mucinosis pathology | GA pathology | Hereditary coproporphyria | Hereditary leiomyomatosis and renal cell cancer syndrome | Hydroxycarbamide-induced skin ulcer | Indolent cutaneous CD8+ lymphoid proliferation pathology | Inflammation of subcutaneous fat | Intracutaneous test | Macular amyloidosis | Maculopapular cutaneous mastocytosis | Maculopapular cutaneous mastocytosis pathology | Neonatal subcutaneous fat necrosis | Neurocutaneous melanosis | Nodular lymphangitis | Paracoccidioidomycosis pathology | Phakomatosis pigmentovascularis | Plaque-like cutaneous mucinosis | Primary cutaneous amyloidosis pathology | Primary cutaneous anaplastic large-cell lymphoma | Primary cutaneous CD30 antigen positive large T-cell lymphoma | Primary cutaneous diffuse large B cell lymphoma pathology | Pseudoporphyria | Psychological effects of cutaneous lupus erythematosus | Reactive infectious mucocutaenous eruption | Recurrent cutaneous necrotising eosinophilic vasculitis | SCAR | Subacute cutaneous lupus erythematosus | Subcutaneous fat necrosis of the newborn pathology | Subcutaneous incisional surgery | Subcutaneous panniculitis-like T-cell lymphoma pathology
benh_da_nghe_nghiep,Bệnh da nghề nghiệp,Occupational skin disease,Các bệnh da khác,https://dermnetnz.org/topics/occupational-skin-disease,23,Allergic contact urticaria | Chemical hypomelanosis | Eczema due to housework | Gloves for hand protection | Occupational dermatitis among construction workers | Occupational skin disease associated with veterinary work | Occupational skin disease in agricultural workers | Occupational skin disease in beauty therapists | Occupational skin disease in chefs and restaurant workers | Occupational skin disease in cleaners | Occupational skin disease in day care workers | Occupational skin disease in dentists and dental technicians | Occupational skin disease in doctors and nurses | Occupational skin disease in florists | Occupational skin disease in food handlers | Occupational skin disease in hairdressers and barbers | Occupational skin disease in laboratory workers | Occupational skin disease in mechanics | Occupational skin disease in nail salon workers | Occupational skin disease in painters and decorators | Occupational skin disease in textile workers | Occupational skin disease in the chemical industry | Occupational skin disease in the printing industry
pellagra,Bệnh Pellagra,Pellagra,Các bệnh da khác,https://dermnetnz.org/topics/pellagra,0,
